{
  "norm_stats": {
    "state": {
      "mean": [
        -0.10305597633123398,
        0.006182190030813217,
        -0.008381232619285583,
        0.313426673412323,
        -0.12226605415344238,
        -0.0015277911443263292,
        -0.10459084808826447,
        0.006058336701244116,
        -0.0017906705616042018,
        0.31615087389945984,
        -0.11091690510511398,
        0.0011015076888725162,
        0.14538566768169403,
        0.10946181416511536,
        0.15233147144317627,
        -0.02407683990895748,
        0.20050597190856934,
        -0.07986609637737274,
        0.0,
        0.2866862416267395
      ],
      "std": [
        0.00023440996301360428,
        0.00027880584821105003,
        0.0001446318783564493,
        0.00021143197955098003,
        0.0005964605952613056,
        0.001099005457945168,
        0.0037068494129925966,
        0.00017519596440251917,
        0.00009632936416892335,
        0.00021143197955098003,
        0.00008074192010099068,
        0.0001615067303646356,
        0.15802818536758423,
        0.049669746309518814,
        0.09329059720039368,
        0.09598424285650253,
        0.022815069183707237,
        0.06690289080142975,
        0.0,
        0.3526647686958313
      ],
      "q01": [
        -0.10347605496644974,
        0.005745085887610912,
        -0.008611074648797512,
        0.3130681812763214,
        -0.12336841225624084,
        -0.003613538108766079,
        -0.1088562160730362,
        0.005729998461902142,
        -0.0019419213058426976,
        0.3160511553287506,
        -0.11108900606632233,
        0.0008336459286510944,
        -0.1457129418849945,
        0.014148108661174774,
        -0.01800326257944107,
        -0.22884610295295715,
        0.13942788541316986,
        -0.22635594010353088,
        0.0,
        0.018718667328357697
      ],
      "q99": [
        -0.10275981575250626,
        0.0064699542708694935,
        -0.008021938614547253,
        0.313698947429657,
        -0.12176176905632019,
        -0.0008578132838010788,
        -0.1005205437541008,
        0.006207475438714027,
        -0.001620644354261458,
        0.3162471652030945,
        -0.11072007566690445,
        0.0013058821205049753,
        0.48699676990509033,
        0.2486528605222702,
        0.3612092435359955,
        0.15826264023780823,
        0.24343661963939667,
        0.044064611196517944,
        0.0,
        0.9416748285293579
      ]
    },
    "action": {
      "mean": [
        -0.11999591439962387,
        0.002281351713463664,
        -0.0007253014482557774,
        0.3199964463710785,
        -0.11999591439962387,
        -0.0023937709629535675,
        -0.11999591439962387,
        -0.002281351713463664,
        0.0007253014482557774,
        0.3199964463710785,
        -0.11999591439962387,
        0.0023937709629535675,
        0.1482742428779602,
        0.09326580911874771,
        0.08615324646234512,
        -0.025824954733252525,
        0.21807435154914856,
        -0.07881397008895874,
        0.0,
        0.3666315972805023
      ],
      "std": [
        0.0,
        0.00002626502828206867,
        9.740208952280227e-6,
        0.0022853570990264416,
        0.0,
        0.00002288818359375,
        0.0,
        0.00002626502828206867,
        9.740208952280227e-6,
        0.0022853570990264416,
        0.0,
        0.00002288818359375,
        0.15334966778755188,
        0.03719346597790718,
        0.06254937499761581,
        0.09498638659715652,
        0.022289784625172615,
        0.06592998653650284,
        0.0,
        0.4611176550388336
      ],
      "q01": [
        -0.11999999731779099,
        0.0022814900148659945,
        -0.0007253490039147437,
        0.3199999928474426,
        -0.11999999731779099,
        -0.0023939500097185373,
        -0.11999999731779099,
        -0.0022814900148659945,
        0.0007253490039147437,
        0.3199999928474426,
        -0.11999999731779099,
        0.0023939500097185373,
        -0.14207550883293152,
        0.024895910173654556,
        -0.023419272154569626,
        -0.22818386554718018,
        0.15937413275241852,
        -0.22204652428627014,
        0.0,
        0.019999999552965164
      ],
      "q99": [
        -0.11999999731779099,
        0.0022814900148659945,
        -0.0007253490039147437,
        0.3199999928474426,
        -0.11999999731779099,
        -0.0023939500097185373,
        -0.11999999731779099,
        -0.0022814900148659945,
        0.0007253490039147437,
        0.3199999928474426,
        -0.11999999731779099,
        0.0023939500097185373,
        0.47804921865463257,
        0.20340070128440857,
        0.23572762310504913,
        0.16244080662727356,
        0.258705735206604,
        0.04749619960784912,
        0.0,
        0.9798080325126648
      ]
    }
  }
}