{
  "norm_stats": {
    "observation.state": {
      "mean": [
        -0.32872527837753296,
        -0.12737417221069336,
        0.6770153641700745,
        -0.16846570372581482,
        -0.5346565842628479,
        -0.2854284346103668,
        0.3240181505680084,
        0.3014404773712158,
        -0.18816736340522766,
        0.682984471321106,
        0.014946158044040203,
        -0.41450509428977966,
        0.4235073924064636,
        0.3446143567562103
      ],
      "std": [
        0.2685661315917969,
        0.5218948125839233,
        0.34528791904449463,
        0.3343524634838104,
        0.5657010674476624,
        0.6070045232772827,
        0.4082789123058319,
        0.2500072717666626,
        0.526202380657196,
        0.3277082145214081,
        0.4736466109752655,
        0.6322282552719116,
        0.7149835824966431,
        0.4050200879573822
      ],
      "q01": [
        -0.8259731531143188,
        -0.9805720448493958,
        -0.11373758316040039,
        -0.7173655033111572,
        -1.7418689727783203,
        -1.6546231508255005,
        0.011074703186750412,
        -0.44809573888778687,
        -0.9920487403869629,
        -0.0665784478187561,
        -1.00868558883667,
        -1.7620837688446045,
        -0.9130192995071411,
        0.03176826983690262
      ],
      "q99": [
        0.4798758029937744,
        1.0439317226409912,
        1.266383171081543,
        0.7096048593521118,
        0.28061938285827637,
        0.5800800323486328,
        0.9995908737182617,
        0.7928797602653503,
        1.0839115381240845,
        1.2745907306671143,
        1.0210978984832764,
        0.5258485078811646,
        1.9316591024398804,
        0.9997992515563965
      ]
    },
    "action": {
      "mean": [
        -0.34110596776008606,
        -0.13636620342731476,
        0.6519600749015808,
        -0.16733340919017792,
        -0.5368782877922058,
        -0.2818180024623871,
        0.28558212518692017,
        0.31430932879447937,
        -0.19701720774173737,
        0.65721195936203,
        0.007114962674677372,
        -0.41375088691711426,
        0.42771822214126587,
        0.32150208950042725
      ],
      "std": [
        0.2691393494606018,
        0.5058678388595581,
        0.3432922661304474,
        0.334973007440567,
        0.5686361193656921,
        0.6048712730407715,
        0.4152871072292328,
        0.2504146695137024,
        0.5105970501899719,
        0.325948029756546,
        0.47669127583503723,
        0.6386322379112244,
        0.7128612995147705,
        0.40884897112846375
      ],
      "q01": [
        -0.8446122407913208,
        -0.9742146134376526,
        -0.13876694440841675,
        -0.7120509147644043,
        -1.7513505220413208,
        -1.656110167503357,
        -0.08411644399166107,
        -0.4450731873512268,
        -0.9873707294464111,
        -0.09449324011802673,
        -1.0082855224609375,
        -1.7744747400283813,
        -0.91267991065979,
        -0.028178095817565918
      ],
      "q99": [
        0.47731173038482666,
        1.0222318172454834,
        1.257399559020996,
        0.7098342776298523,
        0.27665042877197266,
        0.5812158584594727,
        1.0368540287017822,
        0.7973942160606384,
        1.0619624853134155,
        1.265112280845642,
        1.0221376419067383,
        0.5276206731796265,
        1.9324084520339966,
        1.043467402458191
      ]
    }
  }
}